Product name;Vendor;Type;Amount of pills;Days of usage ;Product type;Delivery frequency every [number] month;Product description
Macoform;Wellvita;Kosttilskud;30;30;tabletter;1;"{""type"":""root"",""children"":[{""type"":""paragraph"",""children"":[{""type"":""text"",""value"":""Macoform er baseret på artiskokekstrakt, der understøtter leverens afgiftende funktion. Artiskok afhjælper oppustethed og flatulens, fremmer vægttab, og kan desuden afhjælpe fordøjelsesproblemer bl.a. ved at fremme produktionen af fordøjelsessaft (galde og andre væsker, man producerer naturligt under fordøjelsen). Indeholder også ekstrakt fra mælkebøtte, som medvirker til at opretholde pH-balancen samt til en normal mave- og leverfunktion.""}]}]}"
Collagen Skin Improver;Wellvita;Kosttilskud;30;30;sticks;1;"{""type"":""root"",""children"":[{""type"":""paragraph"",""children"":[{""type"":""text"",""value"":""Collagen Skin Improver indeholder VERISOL®-kollagen, som forbedrer hudens elasticitet og struktur, reducerer rynker og mindsker appelsinhud. Det er et smagsneutralt pulver, som leveres i sticks af doser med 2,5 gram pr. stk. Du skal blot indtage 1 stick pr. dag for at få det fulde udbytte af Collagen Skin Improver.""}]},{""listType"":""unordered"",""type"":""list"",""children"":[{""type"":""list-item"",""children"":[{""type"":""text"",""value"":""1 stick pr. dag""}]},{""type"":""list-item"",""children"":[{""type"":""text"",""value"":""Smagsneutralt""}]},{""type"":""list-item"",""children"":[{""type"":""text"",""value"":""Færre rynker, mindre appelsinhud og øget elasticitet""}]},{""type"":""list-item"",""children"":[{""type"":""text"",""value"":""Dokumenteret virkning""}]}]}]}"
Coenzym Q10;Wellvita;Kosttilskud;60;60;kapsler;2;"{""type"":""root"",""children"":[{""type"":""paragraph"",""children"":[{""type"":""text"",""value"":""Wellvita Coenzym Q10 består af 30 mg aktivt ubiquinon opløst i vegetabilsk olie,samt thiamin som bidrager til et normalt energistofskifte. De bløde gelatinekapsler kan synkes sammen med et glas vand og skal tages en gang dagligt. ""}]}]}"
Vistavital;Wellvita;Kosttilskud;120;60;tabletter;2;"{""type"":""root"",""children"":[{""type"":""paragraph"",""children"":[{""type"":""text"",""value"":""Vistavital er baseret på blåbær, som vedligeholder og understøtter øjets funktion. Det har et højt indhold af antioxidanter og understøtter endvidere blodforsyningen til øjnene. Derudover består Vistavital af zink og vitamin A, der begge bidrager til at vedligeholde et normalt syn, mens vitamin C har betydning for normalt fungerende blodkar, som er vitalt for øjnene. Som noget ekstra er tabletterne tilsat ekstrakt af boghvede og morgenfrue.""}]}]}"
Artroform;Wellvita;Kosttilskud;60;60;tabletter;2;"{""type"":""root"",""children"":[{""type"":""paragraph"",""children"":[{""type"":""text"",""value"":""Ingredienserne i Artroform indvirker på vedligeholdelsen af brusk- og bindevæv og på leddenes funktion. Produktet indeholder gurkemeje, ingefær og næringsstofferne vitamin C, vitamin D, kobber og mangan. Ekstrakt af gurkemeje medvirker til at afhjælpe ømme led og giver bedre bevægelighed, mens ingefær hjælper med at holde leddene smidige. Vitamin C bidrager til en normal dannelse af kollagen, der har betydning for normalt fungerende brusk. Mangan medvirker til dannelse af bindevæv. Desuden medvirker vitamin D til at vedligeholde en normal muskelfunktion samt normale knogle""},{""type"":""text"",""value"":""r. "",""bold"":true}]}]}"
Movizin Complex;Wellvita;Kosttilskud;180;30;tabletter;1;"{""type"":""root"",""children"":[{""type"":""paragraph"",""children"":[{""type"":""text"",""value"":""Movizin Complex er et kosttilskud med ingredienser til at afhjælpe gener som følge af leddenes slitage og påvirkninger efter mange års brug. Produktet er baseret på ingefær, som hjælper med at bevare leddenes bevægelighed og afhjælper stivhed i kroppens led, samt hyben der medvirker til leddenes udholdenhed og styrke. Indeholder også boswellia, der bidrager til god ledkomfort. Derudover er der tilføjet følgende næringsstoffer: Vitamin C, Vitamin D og mangan.""}]},{""type"":""paragraph"",""children"":[{""type"":""text"",""value"":""- Vitamin C: Bidrager til normal dannelse af kollagen, der har betydning for normalt fungerende knogler og brusk.""}]},{""type"":""paragraph"",""children"":[{""type"":""text"",""value"":""- Vitamin D: Bidrager til at vedligeholde normale knogler og til at vedligeholde en normal muskelfunktion.""}]},{""type"":""paragraph"",""children"":[{""type"":""text"",""value"":""- Mangan: Bidrager til at vedligeholde normale knogler og til normal dannelse af bindevæv.""}]}]}"
Cartiflex Collagen;Wellvita;Kosttilskud;60;60;tabletter;2;"{""type"":""root"",""children"":[{""type"":""paragraph"",""children"":[{""type"":""text"",""value"":""Cartiflex Collagen er baseret på boswellin, som kan medvirke til produktionen af kollagen samt til behagelige led. Indeholder også kemisk ubearbejdet kollagen: Det betyder, at kroppen genkender kollagenet, når det møder særlige områder i tarmen (de såkaldte Peyer’s patches). Vitamin D bidrager til at vedligeholde normale knogler og muskelfunktioner. Vitamin C bidrager til normal dannelse af kollagen, der har betydning for normal fungerende brusk. Kobber bidrager til at vedligeholde et normalt bindevæv. Mangan bidrager til at vedligeholde normale knogler og normal dannelse af bindevæv.""}]}]}"
Prostabona Plus;Wellvita;Kosttilskud;30;30;tabletter;1;"{""type"":""root"",""children"":[{""type"":""paragraph"",""children"":[{""type"":""text"",""value"":""Prostabona Plus indeholder plantebaserede ingredienser til vandladning og prostatafunktion. Det er baseret på hørfrø, som bidrager til en normal prostatafunktion hos modne mænd, samt fennikelfrø som medvirker til en normal vandladning og udskillelse af urin. Produktet indeholder også vitamin E, zink og selen. Zink bidrager til at vedligeholde et normalt testosteronniveau i blodet, mens selen og vitamin E beskytter cellerne mod oxidativt stress. Derudover bidrager selen til normal dannelse af sædceller, og zink medvirker til en normal frugtbarhed og reproduktion.""}]},{""type"":""paragraph"",""children"":[{""type"":""text"",""value"":""Lignaner fra hørfrø / linfrø kan understøtte en sund prostata hos aldrende mænd.\nFennikel bidrager til normal udskillelse af urin og normal vandladning.""}]}]}"
Movizin Gel;Wellvita;Muskelgel;75;;ml;;"{""type"":""root"",""children"":[{""type"":""paragraph"",""children"":[{""type"":""text"",""value"":""Movizin Gel er en unik gel til ømme muskler og led. Gelen virker kølende og giver en behagelig følelse – evt. sammen med en let massage. Det har en stærk sammensætning og indeholder bl.a. ingefær, som sammen med en række andre ingredienser virker kølende og afhjælper ømhed.""}]}]}"
Movizin Green;Wellvita;Kosttilskud;180;60;tabletter;2;"{""type"":""root"",""children"":[{""type"":""paragraph"",""children"":[{""type"":""text"",""value"":""Movizin Green er baseret på naturlige indholdsstoffer. Det indeholder ingefær, som medvirker til at vedligeholde leddenes frie bevægelighed og afhjælpe morgenstivhed. Derudover indeholder det hyben, som bidrager til at holde leddene sunde og smidige samt til udholdenhed og styrke. Movizin Green er desuden tilsat affedtede hampefrø fra planten cannabis sativa. Den del af frøene, vi anvender - hvor olien er presset ud - er rig på protein, der kan udnyttes af vores krop.""}]},{""type"":""paragraph"",""children"":[{""type"":""text"",""value"":""Hyben, ingefær, affedtede hampefrø og næringsstoffer.""}]}]}"
Tempozil;Wellvita;Kosttilskud;60;60;tabletter;2;"{""type"":""root"",""children"":[{""type"":""paragraph"",""children"":[{""type"":""text"",""value"":""Tempozil er baseret på ginkgo biloba, som er kendt for sin gode effekt på kredsløbet (mikrocirkulation). Det hjælper med at bevare en god hukommelse, når forandringen er aldersrelateret, samt til at opretholde en god mental balance. Desuden fremmer ginkgo biloba blodcirkulationen, hvilket er godt for både synet, hørelsen og hukommelsen. Indeholder også vitamin B6, som bidrager til at mindske træthed og til en god psykologisk funktion. Tag én tablet dagligt og lad produktet virke over længere tid.""}]}]}"
Mucoforte;Wellvita;Kosttilskud;60;60;kapsler;2;"{""type"":""root"",""children"":[{""type"":""paragraph"",""children"":[{""type"":""text"",""value"":""Mucoforte indeholder en blanding af koldpresset olie fra hørfrø/linfrø sammen med vitamin A.""}]}]}"
Cholemin Complex;Wellvita;Kosttilskud;90;30;tabletter;1;"{""type"":""root"",""children"":[{""type"":""paragraph"",""children"":[{""type"":""text"",""value"":""Cholemin Complex er til dig der måske har fået en “løftet pegefinger” omkring dit kredsløb. Måske du har fået at vide, at det er en god idé at smide nogle kilo, lægge kosten om til mere groft og grønt, spise mindre kød og mættet fedt og samtidig dyrke mere motion. Her kan du med fordel supplere med Cholemin Complex, som bl.a. indeholder artiskok der bidrager til at sænke og vedligeholde et normalt fedtindhold i blodet. Reishi er en svamp, der kan hjælpe med at sænke kolesterolniveauet i blodet. Forskning tyder på, at svampen kan bidrage til at forbedre kolesteroltallet. Thiamin (Vitamin B1) i Cholemin Complex bidrager til en normal hjertefunktion.""}]}]}"
Hair Grow;Wellvita;Kosttilskud;60;60;tabletter;2;"{""type"":""root"",""children"":[{""type"":""paragraph"",""children"":[{""type"":""text"",""value"":""Hair Grow indeholder agerpadderokke, som kan fremme og styrke hårvæksten, samt biotin og zink som kan bidrage med at vedligeholde et normalt hår og en normal hud. Tabletterne er også tilsat koncentrat af hirse samt pantotensyre, L-cystin, kobber, jern og taurin. Kobber bidrager til en normal pigmentering af håret.""}]}]}"
Remital;Wellvita;Kosttilskud;60;60;tabletter;2;"{""type"":""root"",""children"":[{""type"":""paragraph"",""children"":[{""type"":""text"",""value"":""Remital er baseret på bacopa monnieri, som kan forbedre hukommelsen ved stigende alder. Bacopa monnieri bidrager til et normalt blodomløb, som er knyttet til hjernens ydeevne, samt til at vedligeholde en god kognitiv funktion. Indeholder også ginseng, som hjælper med at fremme vitalitet, opmærksomhed og mental skarphed. Remital er desuden tilsat vitamin B6, niacin og biotin - vigtige næringsstoffer, som bidrager til en normal psykologisk funktion og til nervesystemets normale funktion. Vitamin B6 og niacin medvirker også til at reducere træthed og udmattelse.\n""}]}]}"
MagiLex;Wellvita;Magnesiumspray;75;60;ml;2;"{""type"":""root"",""children"":[{""type"":""paragraph"",""children"":[{""type"":""text"",""value"":""MagiLex er en magnesiumspray mod muskelspændinger og uro i benene, som består af 100 % naturlig magnesiumklorid fra kilden Zechstein i Holland. Produktets magnesiumindhold spiller en vigtig rolle for bl.a. muskler, celler og nervesystem. Ved spray på huden og grundig indsmøring får kroppen tilført det vigtige mineral magnesium. Det kan bruges til akut brug på de berørte områder samt forebyggende over hele kroppen.""}]}]}"
Venolet;Wellvita;Kosttilskud;60;60;tabletter;2;"{""type"":""root"",""children"":[{""type"":""paragraph"",""children"":[{""type"":""text"",""value"":""Venolet er baseret på rødvinsblade/kerner, fyrrebark og vitamin C. Ingredienserne bidrager til en normal funktion af venesystemet, blodkar og kredsløbet og giver en god blodgennemstrømning i benene - faktorer, der modvirker trætte og tunge ben. Rødvinsblade/kerner kan desuden forbedre hudens generelle udseende samt bidrage til at mindske cellulite (appelsinhud). Vitamin C medvirker til normal dannelse af kollagen, der har betydning for normalt fungerende blodkar.""}]}]}"
Virizil;Wellvita;Kosttilskud;90;30;tabletter;1;"{""type"":""root"",""children"":[{""type"":""paragraph"",""children"":[{""type"":""text"",""value"":""Virizil er udviklet specielt til mænd. Produktet indeholder bl.a. ginseng, som kan bidrage til optimal udholdenhed, energi og vitalitet. Planten kan derudover hjælpe med at fremme rejsning og vedligeholde det gode seksuelle samliv. Tabletterne tages dagligt for at opnå den rette effekt, men der kan gå nogle uger, før den mærkes. ""}]}]}"
Inulax;Wellvita;Kosttilskud;360;30;gram;1;"{""type"":""root"",""children"":[{""type"":""paragraph"",""children"":[{""type"":""text"",""value"":""Inulin medvirker til en normal tarmfunktion ved at øge afføringshyppigheden. Det indeholder det naturlige stof cikorie-inulin, der har en gavnlig effekt på bakteriefloraen i tarmen. Når tarmen fungerer normalt, øges afføringshyppigheden og dermed afhjælpes træg mave. Inulax er i pulverform og kan drysses over yoghurt og anden morgenmad eller røres op i et glas vand.""}]}]}"
Safrosan;Wellvita;Kosttilskud;60;60;tabletter;2;"{""type"":""root"",""children"":[{""type"":""paragraph"",""children"":[{""type"":""text"",""value"":""Safrosan er et dansk udviklet kosttilskud, der kombinerer safran med udvalgte B-vitaminer og magnesium. Safran (Crocus sativus) er et krydderi, der har været brugt i Middelhavsområdet i århundreder.""}]},{""type"":""paragraph"",""children"":[{""type"":""text"",""value"":""Produktet indeholder riboflavin, niacin, biotin og magnesium, der alle ""},{""type"":""text"",""value"":""bidrager til nervesystemets normale funktion"",""bold"":true},{""type"":""text"",""value"":"".""}]},{""type"":""heading"",""level"":4,""children"":[{""type"":""text"",""value"":""Ingredienserne i Safrosan:""}]},{""type"":""list"",""listType"":""unordered"",""children"":[{""type"":""list-item"",""children"":[{""type"":""text"",""value"":""Safran"",""bold"":true},{""type"":""text"",""value"":"" – udvundet af safrankrokus (Crocus sativus)""}]},{""type"":""list-item"",""children"":[{""type"":""text"",""value"":""Riboflavin (B2)"",""bold"":true},{""type"":""text"",""value"":"" – bidrager til nervesystemets normale funktion og normal psykologisk funktion""}]},{""type"":""list-item"",""children"":[{""type"":""text"",""value"":""Niacin (B3)"",""bold"":true},{""type"":""text"",""value"":"" – bidrager til at mindske træthed og udmattelse og til normal psykologisk funktion""}]},{""type"":""list-item"",""children"":[{""type"":""text"",""value"":""Biotin"",""bold"":true},{""type"":""text"",""value"":"" – bidrager til nervesystemets normale funktion og normal psykologisk funktion""}]},{""type"":""list-item"",""children"":[{""type"":""text"",""value"":""Magnesium"",""bold"":true},{""type"":""text"",""value"":"" – bidrager til nervesystemets normale funktion og til at mindske træthed og udmattelse""}]}]},{""type"":""heading"",""level"":4,""children"":[{""type"":""text"",""value"":""Hvem er Safrosan til?""}]},{""type"":""list"",""listType"":""unordered"",""children"":[{""type"":""list-item"",""children"":[{""type"":""text"",""value"":""Dig, der ønsker at støtte nervesystemets normale funktion""}]},{""type"":""list-item"",""children"":[{""type"":""text"",""value"":""Dig, der oplever perioder med træthed og udmattelse""}]},{""type"":""list-item"",""children"":[{""type"":""text"",""value"":""Dig, der er interesseret i safran som naturlig ingrediens""}]}]}]}"
Sedaforte Plus;Wellvita;Kosttilskud;120;60;tabletter;2;"{""type"":""root"",""children"":[{""type"":""paragraph"",""children"":[{""type"":""text"",""value"":""Sedaforte Plus er baseret på passionsblomst, som fremmer søvnen og hjælper kroppen med at finde ro, samt citronmelisse der virker afslappende og beroligende og mindsker rastløshed, spænding og irritation. Desuden er Sedaforte Plus tilsat tryptophan, som er en essentiel aminosyre, samt magnesium der indgår i mange processer i kroppen. Det bidrager bl.a. til at mindske træthed og udmattelse, til et normalt energistofskifte, til en normal muskelfunktion og til en normal psykologisk funktion. Indeholder også vitamin B6 og vitamin B12.""}]}]}"
Menoflora;Wellvita;Kosttilskud;60;60;tabletter;2;"{""type"":""root"",""children"":[{""type"":""paragraph"",""children"":[{""type"":""text"",""value"":""Menoflora er baseret på rødkløver, salvie, vitamin B6 og vitamin D. Rødkløver medvirker til at reducere hede- og svedeture samt til at håndtere rastløshed og irritabilitet. Salvie styrker håret ved hormonel ubalance og bidrager til at vedligeholde en normal svedfunktion. Indeholder også vitamin B6, som bidrager til at regulere hormonaktiviteten. Vitamin B6 medvirker endvidere til at reducere træthed. Effekten af ingredienserne i Menoflora mærkes normalt i løbet af de første 4-6 uger.""}]}]}"
Redina;Wellvita;Kosttilskud;60;60;tabletter;2;"{""type"":""root"",""children"":[{""type"":""paragraph"",""children"":[{""type"":""text"",""value"":""Redina er baseret på salvie, der medvirker til en normal svedfunktion samt til bedre velvære i overgangsalderen. Indeholder også don quai, som styrker kroppens tilpasningsevne og ruster os til at takle stressfulde og omskiftelige perioder i vores liv. Redina er desuden tilsat mælkebøtte (løvetand), røllike samt vitamin B6. Vitamin B6 bidrager til at reducere træthed og til at regulere den hormonelle aktivitet. Det medvirker også til en normal psykologisk funktion.""}]}]}"
Sedaforte;Wellvita;Kosttilskud;30;30;tabletter;1;"{""type"":""root"",""children"":[{""type"":""paragraph"",""children"":[{""type"":""text"",""value"":""Indholdsstofferne i Sedaforte kan hjælpe dig med at slappe af og falde i søvn. Produktet er baseret på 4 udvalgte planter: kamille, citronmelisse, humle og schizandra. Kamille medvirker til optimal afslapning og støtter vores mentale velvære, mens citronmelisse mindsker irritabilitet, spænding og rastløshed og hjælper os med at falde til ro. Humle virker beroligende og fremmer en god søvn. Schizandra kan hjælpe med at håndtere stress. ""}]}]}"
Macoform Plus;Wellvita;Kosttilskud;120;60;tabletter;2;"{""type"":""root"",""children"":[{""type"":""paragraph"",""children"":[{""type"":""text"",""value"":""Macoform Plus indeholder ekstrakter fra fennikelfrø, kamilleblomst og pebermynte. Artiskok stimulerer fordøjelsen, reducerer oppustethed og kan modvirke ubehag i maven. Artiskok kan hjælpe med at reducere niveauet af fedt i blodet og understøtte et vægttab.Desuden understøtter planten leverens afgiftende funktion. Fennikelfrø, kamilleblomst og pebermynteblad bidrager til normal fordøjelse og kan modvirke flatulens og udspilet mave. Kombinationen af ingredienser hjælper til at fremme fordøjelsen og give velbehag i maven. Kamilleblomst mindsker luft i maven, understøtter en normal fedtfordøjelse og reduktion af kropsvægt. ""}]}]}"
Calmixin;Wellvita;Kosttilskud;120;60;tabletter;2;"{""type"":""root"",""children"":[{""type"":""paragraph"",""children"":[{""type"":""text"",""value"":""Calmixin er baseret på naturlige ekstrakter fra baldrian og humle, som har en beroligende, søvnfremmende virkning. Kombinationen medvirker til at berolige nervesystemet og gør det lettere at falde i søvn. Baldrian medvirker endvidere til mentalt velvære i perioder med spænding og stress samt til optimal afslapning. En god hjælp til dig, som drømmer om en bedre nattesøvn.""}]}]}"
Gestomax;Wellvita;Kosttilskud;120;60;tabletter;2;"{""type"":""root"",""children"":[{""type"":""paragraph"",""children"":[{""type"":""text"",""value"":""Gestomax er baseret på fennikelfrø, som hjælper med at nedsætte mængden af tarmluft, samt kamilleblomst der bidrager til at afhjælpe oppustethed og opstød. Indeholder også pebermynteblad, der afhjælper tarmluft og fordøjelsesbesvær. Kombinationen bidrager til en normal fordøjelse, hjælper med at opretholde velbefindendet i fordøjelsessystemet og undgå milde gener som følelsen af oppustethed.""}]}]}"
Wellvita Pilledeler;Wellvita;Tilbehør;;;;;"{""type"":""root"",""children"":[{""type"":""paragraph"",""children"":[{""type"":""text"",""value"":""Tager du piller, men har behov for en smart metode til at tilpasse den daglige dosering? \n\nWellvitas pilledeler er en hjælp til dig, der har behov for at halvere piller. Pilledeleren, der er i hård plast, kan håndtere alle pillestørrelser og er nem at bruge.""}]},{""type"":""paragraph"",""children"":[{""type"":""text"",""value"":""Låget åbnes, og pillen placeres i den korrekte position. Låget med det monterede skarpe blad lukkes og presses hårdt til. Herefter er pillen delt.Pilledeleren har et større rum, som egner sig godt til at opbevare og til at huske at tage pillerne - f.eks. til en bestemt dag eller uge. Har du behov for at tage piller med dig i hverdagen eller på ferie, kan du nemt have pilledeleren med. Den 8,7 cm lange deler fylder ikke meget og kan f.eks. tages med i en bukselomme. ""}]}]}"
Ipren;McNeil;Lægemiddel;20;;tabletter;;"{""type"":""root"",""children"":[{""type"":""heading"",""children"":[{""type"":""text"",""value"":""Dosering:"",""bold"":true}],""level"":3},{""type"":""paragraph"",""children"":[{""type"":""text"",""value"":""Ved svage smerter:"",""bold"":true},{""type"":""text"",""value"":"" Voksne. Sædvanligvis 1-2 tabletter (200-400 mg) efter behov, højst 3 gange i døgnet. Bør ikke anvendes til børn under 15 år uden lægens anvisning.""}]},{""type"":""heading"",""children"":[{""type"":""text"",""value"":""Graviditet og amning:"",""bold"":true}],""level"":3},{""type"":""paragraph"",""children"":[{""type"":""text"",""value"":""Kan anvendes ved amning.\n\nMå kun anvendes under visse forudsætninger ved graviditet og kun efter lægens anvisning.\nBør kun anvendes i laveste effektive dosis i kortest mulig tid. Bør ikke anvendes først i graviditeten, da risiko for misdannelser ikke helt kan udelukkes. Må ikke anvendes sidst i graviditeten, idet indtagelse de sidste 3 måneder inden fødslen øger risikoen for blødninger hos både moderen og det ufødte barn.""}]},{""type"":""heading"",""children"":[{""type"":""text"",""value"":""Mulige bivirkninger:"",""bold"":true}],""level"":3},{""type"":""paragraph"",""children"":[{""type"":""text"",""value"":""Meget almindelige (over 10%):\nTræthed, fordøjelsesbesvær, mavegener, blødning i mave-tarmkanalen, diarré,\n\nAlmindelige (1-10%):\nKvalme, blodig opkastning, mavesmerter, forstoppelse, luft fra tarmen, træthed, hovedpine, svimmelhed, væskeophobning i kroppen, ophobning af urinstof og kreatinin i blodet, hududslæt, øresusen (tinnitus).\n\nIkke almindelige (0,1-1%):\nSår på mavens eller tolvfingertarmens slimhinde, hul på tarmen, leverbetændelse, påvirkning af leverens funktion, muskelsammentrækninger i luftrørene, blodmangel, øget tendens til blødning pga. fald i antallet af blodplader, søvnløshed, ændring i hudens følesans, hudkløe, småblødninger i hud og slimhinder, overfølsomhed over for lys, allergiske reaktioner, alvorlig allergisk tilstand med hurtigt blodtryksfald, åndedrætsbesvær og evt. kramper (anafylaktisk chok), betændelsestilstand i nyren, påvirkning af nyrernes funktion, synsforstyrrelser.\n\nSjældne (0,01-0,1%):\nHjernehindebetændelse, depression, alvorlig hudreaktion, overfølsomhed over for lys, medicinfremkaldt feber.\n\nMeget sjældne (under 0,01%):\nAlvorlige hudreaktioner, voldsomme mavesmerter, feber, akut forværring af vejrtrækningsproblemer, forværring af tarmsygdomme, hårtab, sygdomme i hår og negle.\n\nVæskeophobning i kroppen, forhøjet blodtryk og hjertesvigt kan forekomme i forbindelse med brug af NSAID.""}]},{""type"":""heading"",""children"":[{""type"":""text"",""value"":""Samtidig anvendelse af andre lægemidler:"",""bold"":true}],""level"":3},{""type"":""paragraph"",""children"":[{""type"":""text"",""value"":""Det er vigtigt at informere lægen om alle de lægemidler, du tager.\nIpren kan nedsætte virkningen af slyngediuretika (vanddrivende).\nIpren kan øge virkningen af lithium (middel mod manier) samt methotrexat (middel mod leddegigt).\nIpren må kun tages med forsigtighed sammen med blodfortyndende lægemidler og binyrebarkhormon.\nSamtidig behandling med ACE-hæmmere (midler mod forhøjet blodtryk) øger risikoen for nyreskader.\n\n""},{""type"":""text"",""value"":""OBS"",""bold"":true},{""type"":""text"",""value"":""\nBør ikke anvendes ved overfølsomhed over for indholdsstoffet eller andre NSAID, herunder acetylsalicylsyre. Overfølsomhed viser sig f.eks ved nældefeber, snue og astma, men kan i sjældne tilfælde udløse en alvorlig tilstand med hurtigt blodtryksfald, åndedrætsbesvær og evt. kramper (anafylaktisk chok).\nMå heller ikke anvendes ved mavesår, frisk maveblødning eller ved en generel tendens til blødning. Må ikke anvendes ved meget dårligt fungerende hjerte, lever eller nyrer eller ved stærkt forhøjet blodtryk.""}]},{""type"":""heading"",""children"":[{""type"":""text"",""value"":""Indholdsstoffer:"",""bold"":true}],""level"":3},{""type"":""paragraph"",""children"":[{""type"":""text"",""value"":""Aktivt indholdsstof: Ibuprofen\nØvrige indholdsstoffer: Croscarmellosenatrium (E468), Hypromellose (E464), Kartoffelstivelse, Lactosemonohydrat, Magnesiumstearat (E470b), Mikrokrystallinsk cellulose (E460), Propylenglycol (E1520), Talcum (E553b), Vandfri kolloid silica (E551).\n\nFør brug bør du læse brugsvejledningen, som er i pakningen. Alternativt kan du finde den på ""},{""type"":""link"",""url"":""https://www.indlaegssedler.dk/resource/Pdf/Indlaegsseddel/6ee652c8-190e-4bb5-bdaa-628d49680c7c"",""title"":""indlaegssedler.dk"",""target"":""_blank"",""children"":[{""type"":""text"",""value"":""indlaegssedler.dk""}]},{""type"":""text"",""value"":"". Er du i tvivl, kontakt egen læge.""}]},{""type"":""heading"",""children"":[{""type"":""text"",""value"":""Ingen fortrydelsesret på lægemidler:"",""bold"":true}],""level"":3},{""type"":""paragraph"",""children"":[{""type"":""text"",""value"":""Når du handler på Internettet, har du 14 dages fortrydelsesret. De 14 dage løber fra det tidspunkt du har fået varen i hånden. Dette gælder dog ikke for medicin. Jf. Forbrugeraftaleloven § 18, stk. 2., nr. 4 og 5 er der ikke fortrydelsesret ved køb af lægemidler. Dvs. at recept- og håndkøbsmedicin ikke kan returneres.""}]},{""type"":""paragraph"",""children"":[{""type"":""text"",""value"":""""},{""url"":""https://laegemiddelstyrelsen.dk/da/apoteker/koeb-og-salg-af-medicin-paa-internettet/detailforhandlere-der-lovligt-saelger-medicin-paa-nettet/"",""type"":""link"",""children"":[{""type"":""text"",""value"":""Klik her for at se, om dette websted drives på lovlig vis. ""}]},{""type"":""text"",""value"":""""}]}]}"
Revadol;Wellvita;Lægemiddel;180;60;tabletter;2;"{""type"":""root"",""children"":[{""type"":""paragraph"",""children"":[{""type"":""text"",""value"":""Revadol er et lægemiddel, der kan lindre smerter og forbedre bevægeligheden ved let til moderat slidgigt. Det aktive stof i Revadol (glucosamin) stammer fra skaldyr. ""}]},{""type"":""paragraph"",""children"":[{""type"":""text"",""value"":""Kliniske studier har antyder, at glucosamin kan reducere smerter efter 4 ugers behandling og forbedre bevægeligheden i de ramte led hos patienter med let til moderat slidgigt.""}]},{""type"":""paragraph"",""children"":[{""type"":""text"",""value"":""""},{""url"":""https://laegemiddelstyrelsen.dk/da/apoteker/koeb-og-salg-af-medicin-paa-internettet/detailforhandlere-der-lovligt-saelger-medicin-paa-nettet/"",""type"":""link"",""children"":[{""type"":""text"",""value"":""Klik her for at se, om dette websted drives på lovlig vis.""}]},{""type"":""text"",""value"":""""}]}]}"
ANTI SNORK;Wellvita;Snorkeprodukt;;;;;"{""type"":""root"",""children"":[{""type"":""paragraph"",""children"":[{""type"":""text"",""value"":""ANTI SNORK-masken understøtter underkæben og holder luftvejene åbne. Derved elimineres snorken.""}]},{""type"":""paragraph"",""children"":[{""type"":""text"",""value"":""Let til moderat snorken medfører normalt ikke symptomer, men kan være generende for omgivelserne/sovepartneren og dermed være et socialt problem. Svær snorken med pauser i vejrtrækningen kan give dårlig søvnkvalitet med mange opvågninger, som man ikke husker næste morgen. Dette vil i de fleste tilfælde udløse træthed om dagen.\n\nFå en bedre søvn uden snorken med ANTI SNORK.""}]},{""listType"":""unordered"",""type"":""list"",""children"":[{""type"":""list-item"",""children"":[{""type"":""text"",""value"":""Afhjælper snorken""}]},{""type"":""list-item"",""children"":[{""type"":""text"",""value"":""Behagelig at have på""}]},{""type"":""list-item"",""children"":[{""type"":""text"",""value"":""Nem at bruge""}]},{""type"":""list-item"",""children"":[{""type"":""text"",""value"":""Let at tage af og på""}]}]}]}"
Mucomyst;Viatris;Lægemiddel;25;;tabletter;;"{""type"":""root"",""children"":[{""type"":""heading"",""children"":[{""type"":""text"",""value"":""Dosering:"",""bold"":true}],""level"":3},{""type"":""paragraph"",""children"":[{""type"":""text"",""value"":""Voksne: 200 mg 3 gange daglig. eller 600 mg 1 gang daglig. Børn over 5 år. 200 mg 2 gange daglig. Brusetabletterne opløses i et glas vand og tages i forbindelse med et måltid. Bør ikke anvendes til børn under 5 år uden lægens anvisning.""}]},{""type"":""heading"",""children"":[{""type"":""text"",""value"":""Graviditet og amning:"",""bold"":true}],""level"":3},{""type"":""paragraph"",""children"":[{""type"":""text"",""value"":""Bør ikke anvendes, utilstrækkelige data.""}]},{""type"":""heading"",""children"":[{""type"":""text"",""value"":""Mulige bivirkninger:"",""bold"":true}],""level"":3},{""type"":""paragraph"",""children"":[{""type"":""text"",""value"":""Meget almindelige (>10%): Kvalme, diarré.""}]},{""type"":""paragraph"",""children"":[{""type"":""text"",""value"":""Ikke almindelige (0,1-1%:) Abdominal smerter, bronkospasme.""}]},{""type"":""paragraph"",""children"":[{""type"":""text"",""value"":""Sjældne (0,01-0,1%): Urticaria, angioødem. Indholdet af natrium i brusetabletterne kan forværre tendens til væskeophobning i kroppen.""}]},{""type"":""paragraph"",""children"":[{""type"":""text"",""value"":""OBS"",""bold"":true},{""type"":""text"",""value"":""\nBør ikke anvendes hvis du for nyligt har haft blod i opspyttet, idet midlet kan opløse størknet blod, så det begynder at bløde igen.""}]},{""type"":""heading"",""children"":[{""type"":""text"",""value"":""Indholdsstoffer:"",""bold"":true}],""level"":3},{""type"":""paragraph"",""children"":[{""type"":""text"",""value"":""Brusetabletter a 200 mg acetylcystein. Hjælpestoffer: Natriumhydrogencarbonat og smagsstoffer: citron og saccharinnatrium. Natriumindhold pr. brusetabl.: 4,3 mmol (svarende til ca. 250 mg natriumchlorid). Før brug bør du læse brugsvejledningen, som er i pakningen. Alternativt kan du finde den på ""},{""type"":""link"",""url"":""http://xnet.dkma.dk/indlaegsseddel/PdfFileServlet?formulationid=10813&lang=da"",""title"":null,""target"":null,""children"":[{""type"":""text"",""value"":""indlægsseddel.dk her""}]},{""type"":""text"",""value"":"". Er du i tvivl, kontakt egen læge.""}]},{""type"":""heading"",""children"":[{""type"":""text"",""value"":""Ingen fortrydelsesret på lægemidler:"",""bold"":true}],""level"":3},{""type"":""paragraph"",""children"":[{""type"":""text"",""value"":""Når du handler på Internettet, har du 14 dages fortrydelsesret. De 14 dage løber fra det tidspunkt du har fået varen i hånden. Dette gælder dog ikke for medicin. Jf. Forbrugeraftaleloven § 18, stk. 2., nr. 4 og 5 er der ikke fortrydelsesret ved køb af lægemidler. Dvs. at recept- og håndkøbsmedicin ikke kan returneres.""}]},{""type"":""heading"",""children"":[{""type"":""text"",""value"":""""},{""url"":""https://laegemiddelstyrelsen.dk/da/apoteker/koeb-og-salg-af-medicin-paa-internettet/detailforhandlere-der-lovligt-saelger-medicin-paa-nettet/"",""type"":""link"",""children"":[{""type"":""text"",""value"":""Klik her for at se, om dette websted drives på lovlig vis.""}]},{""type"":""text"",""value"":""""}],""level"":3}]}"
Pamol;Orifarm Healthcare;Lægemiddel;10;;tabletter;;"{""type"":""root"",""children"":[{""type"":""paragraph"",""children"":[{""type"":""text"",""value"":""OBS 18 år"",""bold"":true}]},{""type"":""paragraph"",""children"":[{""type"":""text"",""value"":""Pamol®-tabletter 500 mg 10 stk""}]},{""type"":""paragraph"",""children"":[{""type"":""text"",""value"":""Dosering: \n"",""bold"":true},{""type"":""text"",""value"":""Voksne: 1-2 tabletter (1gram) højst 3-4 gange i døgnet. Børn og unge: Sædvanligvis op til 45 mg pr. kg legemsvægt i døgnet fordelt på 3-4 doser. Maksimal døgndosis på 4 gram må ikke overskrides. Pamol®-tabletter bør ikke anvendes til børn under 4 år.""}]},{""type"":""paragraph"",""children"":[{""type"":""text"",""value"":""Graviditet og amning:\n"",""bold"":true},{""type"":""text"",""value"":""Kan anvendes""}]},{""type"":""paragraph"",""children"":[{""type"":""text"",""value"":""Mulige bivirkninger:\n"",""bold"":true},{""type"":""text"",""value"":""Sjældne (0,01-0,1%): Påvirkning af leverens funktion, nældefeber, allergiske reaktioner. Meget sjældne (under 0,01%): Muskelsammentrækninger i luftrørene, øget tendens til infektioner pga. mangel på hvide blodlegemer, øget tendens til blødning pga. fald i antallet af blodplader. Alvorlig allergisk tilstand med hurtigt blodtryksfald, åndedrætsbesvær og evt. kramper (anafylaktisk chok). Ved langtidsbehandling er der risiko for nyreskade.""}]},{""type"":""paragraph"",""children"":[{""type"":""text"",""value"":""Samtidig anvendelse af andre lægemidler:"",""bold"":true},{""type"":""text"",""value"":""\nRegelmæssig indtagelse af Pamol® i mere end 5 dage kan øge den blodfortyndende virkning af warfarin.""}]},{""type"":""paragraph"",""children"":[{""type"":""text"",""value"":""OBS!\n"",""bold"":true},{""type"":""text"",""value"":""Pamol®-tabletter bør ikke anvendes til børn under 2 år uden lægens anvisning. Må ikke anvendes ved meget dårligt fungerende lever og nyrer Ved indtagelse af selv en beskeden overdosis (10-15 g) kan der optræde livsfarlige forgiftningssymptomer, som sædvanligvis først ses 1-3 døgn efter indtagelsen. Hvis man samtidig drikker alkohol eller har en leversygdom, forværres forgiftningssymptomerne. Ved mistanke om overdosering bør man hurtigst muligt søge skadestue, hvor behandling kan sættes i gang.""},{""type"":""text"",""value"":""\n"",""bold"":true}]},{""type"":""paragraph"",""children"":[{""type"":""text"",""value"":""Indholdsstoffer:\n"",""bold"":true},{""type"":""text"",""value"":""Aktivt indholdsstof: Paracetamol Øvrige indholdsstoffer: Hypromellose (E464), kartoffelstivelse, magnesiumstearat (E470b), mikrokrystallinsk cellulose (E460), povidon (E1201), propylenglycol (E1520), talkum (553b). Før brug bør du læse brugsvejledningen, som er i pakningen. Alternativt kan du finde den på ""},{""type"":""link"",""url"":""https://www.indlaegssedler.dk/resource/Pdf/Indlaegsseddel/54481da5-325d-4679-b094-bd4078cd45c1"",""title"":""indlaegssedler.dk"",""target"":""_blank"",""children"":[{""type"":""text"",""value"":""indlægsseddel.dk""}]},{""type"":""text"",""value"":"". Er du i tvivl, kontakt egen læge.""}]},{""type"":""paragraph"",""children"":[{""type"":""text"",""value"":""Ingen fortrydelsesret på lægemidler\n"",""bold"":true},{""type"":""text"",""value"":""Når du handler på Internettet, har du 14 dages fortrydelsesret. De 14 dage løber fra det tidspunkt du har fået varen i hånden. Dette gælder dog ikke for medicin. Jf. Forbrugeraftaleloven § 18, stk. 2., nr. 4 og 5 er der ikke fortrydelsesret ved køb af lægemidler. Dvs. at recept- og håndkøbsmedicin ikke kan returneres.""}]},{""type"":""paragraph"",""children"":[{""type"":""text"",""value"":""""},{""url"":""https://laegemiddelstyrelsen.dk/da/apoteker/koeb-og-salg-af-medicin-paa-internettet/detailforhandlere-der-lovligt-saelger-medicin-paa-nettet/"",""type"":""link"",""children"":[{""type"":""text"",""value"":""Klik her for at se, om dette websted drives på lovlig vis. ""}]},{""type"":""text"",""value"":""""}]}]}"
Kodimagnyl;Orifarm Healthcare;Lægemiddel;10;;tabletter;;"{""type"":""root"",""children"":[{""type"":""paragraph"",""children"":[{""type"":""text"",""value"":""OBS 18 år""}]},{""type"":""paragraph"",""children"":[{""type"":""text"",""value"":""Kodimagnyl tabletter 500 mg / 9,6 mg 10 stk.""}]},{""type"":""paragraph"",""children"":[{""type"":""text"",""value"":""Dosering:"",""bold"":true},{""type"":""text"",""value"":""\nVoksne: Sædvanligvis 1-2 tabletter højst 4 gange i døgnet. Kodimagnyl Ikke-stoppende bør ikke anvendes til børn under 15 år.\n\n""},{""type"":""text"",""value"":""Graviditet og amning:"",""bold"":true},{""type"":""text"",""value"":""\nBør kun anvendes efter aftale med lægen.\n""}]},{""type"":""paragraph"",""children"":[{""type"":""text"",""value"":""Mulige bivirkninger:"",""bold"":true},{""type"":""text"",""value"":""\nMeget almindelige (over 10%): Halsbrand, sure opstød, mavesmerter, tendens til blødninger.\n\nAlmindelige (1-10%): Kvalme, opkastning, blødning i mave-tarmkanalen, diarré, forstoppelse, muskelsammentrækninger i luftrørene, hovedpine, søvnløshed, nældefeber, allergisk hævelse i ansigtet, mundhulen og strubehovedet.\n\nIkke almindelige (0,1-1%): Svimmelhed, øget svedtendens, alvorlig allergisk tilstand med hurtigt blodtryksfald, åndedrætsbesvær og evt. kramper (anafylaktisk chok), øresusen (tinnitus). Øresusen (tinnitus) eller hørenedsættelse kan være et tidligt tegn på forgiftning.\n\n""},{""type"":""text"",""value"":""Samtidig anvendelse af andre lægemidler:"",""bold"":true},{""type"":""text"",""value"":""\nDet er vigtigt at informere lægen om alle de lægemidler, man tager. Sovemidler og beroligende midler kan øge Kodimagnyl´s sløvende og åndedrætshæmmende virkning. Kodimagnyl kan nedsætte virkningen af probenecid (middel mod urinsyregigt). Kodimagnyl kan øge virkningen af methotrexat (middel mod leddegigt) og dipyridamol (middel mod blodpropper). Kodimagnyl må kun tages med forsigtighed sammen med binyrebarkhormon. Kodimagnyl må ikke tages, hvis man er i behandling med blodfortyndende midler og ikke i de første 3 måneder af en behandling med allopurinol (middel mod urinsyregigt). Magnesium kan nedsætte virkningen af antibiotika (fluorquinoloner og tetracycliner), svampemidler (itraconazol og ketoconazol), digoxin og sotalol (hjertemidler), estramustin (celledræbende middel), etidronat (middel mod knogleskørhed) og penicillamin (gigtmiddel). Magnesium kan desuden nedsætte optagelsen af jern, og der bør derfor gå mindst 2 timer mellem indtagelsen af jerntabletter og Magnesium. Samtidig brug af magnesiumholdige lægemidler og ibuprofen (middel mod gigt og smerter) øger risikoen for mavesmerter og irritation af maveslimhinden. Magnesium forlænger virkningen af de muskelafslappende midler, der anvendes under fuld narkose.\n\n""},{""type"":""text"",""value"":""OBS"",""bold"":true},{""type"":""text"",""value"":""\nMå ikke anvendes til børn uden lægens anvisning. Bør ikke anvendes ved overfølsomhed over for acetylsalicylsyre eller andre NSAID. Må desuden ikke anvendes ved mavesår, frisk maveblødning eller ved en generel tendens til blødning.""}]},{""type"":""paragraph"",""children"":[{""type"":""text"",""value"":""\n""},{""type"":""text"",""value"":""Indholdsstoffer:"",""bold"":true},{""type"":""text"",""value"":""\nAktive indholdsstoffer: Acetylsalicylsyre, codein og magnesiumoxid. Øvrige indholdsstoffer: Hypromellose (E464), kartoffelstivelse, magnesiumstearat (E470b), majsstivelse, mikrokrystallinsk cellulose (E460), propylenglycol (1520) og talkum. Før brug bør du læse brugsvejledningen, som er i pakningen. Alternativt kan du finde den på ""},{""type"":""link"",""url"":""http://xnet.dkma.dk/indlaegsseddel/PdfFileServlet?formulationid=699&lang=da"",""title"":null,""target"":""_blank"",""children"":[{""type"":""text"",""value"":""indlægsseddel.dk""}]},{""type"":""text"",""value"":"". Er du i tvivl, kontakt egen læge.\n\n""},{""type"":""text"",""value"":""Ingen fortrydelsesret på lægemidler:"",""bold"":true},{""type"":""text"",""value"":""\nNår du handler på Internettet, har du 14 dages fortrydelsesret. De 14 dage løber fra det tidspunkt du har fået varen i hånden. Dette gælder dog ikke for medicin. Jf. Forbrugeraftaleloven § 18, stk. 2., nr. 4 og 5 er der ikke fortrydelsesret ved køb af lægemidler. Dvs. at recept- og håndkøbsmedicin ikke kan returneres.""}]},{""type"":""paragraph"",""children"":[{""type"":""text"",""value"":""""},{""url"":""https://laegemiddelstyrelsen.dk/da/apoteker/koeb-og-salg-af-medicin-paa-internettet/detailforhandlere-der-lovligt-saelger-medicin-paa-nettet/"",""type"":""link"",""children"":[{""type"":""text"",""value"":""Klik her for at se, om dette websted drives på lovlig vis. ""}]},{""type"":""text"",""value"":""""}]}]}"
Wellvita Huskebox;Wellvita;Tilbehør;;;;;"{""type"":""root"",""children"":[{""type"":""paragraph"",""children"":[{""type"":""text"",""value"":""Med Wellvita Huskebox husker du at tage dine piller, så du opnår den ønskede effekt.""}]},{""type"":""paragraph"",""children"":[{""type"":""text"",""value"":""Når man glemmer at tage sine piller, opnår man ikke den ønskede effekt. Store studier viser, at rigtigt mange ganske enkelt glemmer at tage deres piller.\n\nDet kan være, fordi man skal tage dem 3 gange om dagen. Men mange glemmer også pillerne, selv om man kun skal tage dem om morgenen eller om aftenen.""}]},{""type"":""paragraph"",""children"":[{""type"":""text"",""value"":""Huskeboxen har en indbygget timer, som du nemt kan indstille til at bippe på den tid, du ønsker.  \nPå bagsiden af huskeboxen er der en vejledning til, hvordan du bruger boxen og dens tre knapper.\n\nBoxens låg kan skubbes til side, så der kan opbevares piller i den.\nBatteri medfølger. ""}]}]}"
Balancid Novum;Viatris;Lægemiddel;;;tyggetabletter;;"{""type"":""root"",""children"":[{""type"":""paragraph"",""children"":[{""type"":""text"",""value"":""Sådan skal du anvende Balancid Novum® tyggetabletter\n"",""bold"":true},{""type"":""text"",""value"":""Voksne. Sædvanligvis 1-2 tyggetabletter efter behov. Tabletterne skal tygges grundigt.""}]},{""type"":""paragraph"",""children"":[{""type"":""text"",""value"":""Graviditet og amning\n"",""bold"":true},{""type"":""text"",""value"":""Kan anvendes.""}]},{""type"":""paragraph"",""children"":[{""type"":""text"",""value"":""Mulige bivirkninger\n"",""bold"":true},{""type"":""text"",""value"":""Almindelige bivirkninger (forekommer hos mellem 1 og 10 ud af 100 patienter): Forstoppelse, diarré. Ved meget store doser gennem lang tid kan der i sjældne tilfælde forekomme kvalme og træthed på grund af forstyrrelser i calciumstofskiftet.""}]},{""type"":""paragraph"",""children"":[{""type"":""text"",""value"":""Samtidig anvendelse af andre lægemidler\n"",""bold"":true},{""type"":""text"",""value"":""Balancid Novum® kan nedsætte virkningen af antibiotika (ciprofloxacin, ofloxacin og tetracyclin), svampemidler (itraconazol og ketoconazol), penicillamin (gigtmiddel), digoxin (hjertemiddel), estramustin (celledræbende middel), etidronat (middel mod knogleskørhed), levothyroxin (kunstigt stofskiftehormon), sotalol (middel mod hjerterytmeforstyrrelser) og disulfiram (Antabus®). Amilorid (vanddrivende middel) øger virkningen af Balancid Novum®. Balancid Novum® kan forlænge virkningen af cisatracur (muskelafslappende middel). Balancid Novum® kan desuden nedsætte optagelsen af jern, og der bør derfor gå mindst 1½ time mellem indtagelsen af jerntabletter og Balancid Novum®.""}]},{""type"":""paragraph"",""children"":[{""type"":""text"",""value"":""OBS\n"",""bold"":true},{""type"":""text"",""value"":""Bør ikke anvendes uden lægeordination ved dårligt fungerende nyrer, da der er risiko for magnesiumforgiftning. Balancid Novum® kan skjule symptomer på indre blødning (mavesmerter) som følge af behandling med smertestillende midler som fx ibuprofen (NSAID), og du skal derfor være forsigtig ved at anvende Balancid Novum® samtidig med smertestillende lægemidler. Før brug bør du læse brugsvejledningen, som er i pakningen. Alternativt kan du finde den på ""},{""type"":""link"",""url"":""https://www.indlaegssedler.dk/resource/Pdf/Indlaegsseddel/d46bd28a-f3c5-4f5b-978c-b8c63593d274"",""title"":""www.indlaegssedler.dk"",""target"":""_blank"",""children"":[{""type"":""text"",""value"":""www.indlaegssedler.dk""}]},{""type"":""text"",""value"":"". Er du i tvivl, kontakt egen læge.""}]},{""type"":""paragraph"",""children"":[{""type"":""text"",""value"":""Ingen fortrydelsesret på lægemidler\n"",""bold"":true},{""type"":""text"",""value"":""Når du handler på Internettet, har du 14 dages fortrydelsesret. De 14 dage løber fra det tidspunkt du har fået varen i hånden. Dette gælder dog ikke for medicin. Jf. Forbrugeraftaleloven § 18, stk. 2., nr. 4 og 5 er der ikke fortrydelsesret ved køb af lægemidler. Dvs. at recept- og håndkøbsmedicin ikke kan returneres.""}]},{""type"":""paragraph"",""children"":[{""type"":""text"",""value"":""""},{""url"":""https://laegemiddelstyrelsen.dk/da/apoteker/koeb-og-salg-af-medicin-paa-internettet/detailforhandlere-der-lovligt-saelger-medicin-paa-nettet/"",""target"":""_blank"",""type"":""link"",""children"":[{""type"":""text"",""value"":""Klik her for at se, om dette websted drives på lovlig vis. ""}]},{""type"":""text"",""value"":""""}]}]}"
Strepsils;Reckitt Benckiser Healthcare (Scandinavia) A/S;Lægemiddel;24;;tabletter;;"{""type"":""root"",""children"":[{""type"":""paragraph"",""children"":[{""type"":""text"",""value"":""Strepsils er en desinficerende sugetablet til mund og svælg. De aktive lægemiddelstoffer er Amylmetacresol og Dichlorbenzylalkohol.\n\n""},{""type"":""text"",""value"":""Anvendelse og virkning"",""bold"":true},{""type"":""text"",""value"":""\nStrepsils anvendes mod øm og irriteret hals og svælg. Strepsils har en svagt bakteriedræbende effekt.""}]},{""type"":""paragraph"",""children"":[{""type"":""text"",""value"":""Dosering:"",""bold"":true},{""type"":""text"",""value"":""\nVoksne og børn over 6 år: Sædvanligvis 1 sugetablet hver 2.-3. time.\n\n""},{""type"":""text"",""value"":""Bemærk:"",""italic"":true,""bold"":true},{""type"":""text"",""value"":""\n""},{""type"":""text"",""value"":""Bør kun gives under opsyn af en voksen til børn fra 6-11 år. Bør ikke anvendes til børn under 6 år.\n"",""bold"":true,""italic"":true},{""type"":""text"",""value"":""\n""},{""type"":""text"",""value"":""Graviditet og amning"",""bold"":true},{""type"":""text"",""value"":""\nStrepsils kan anvendes under graviditet og amning, hvis dette er nødvendigt.\n\n""},{""type"":""text"",""value"":""Bivirkninger"",""bold"":true},{""type"":""text"",""value"":""\nDer opleves sjældent bivirkninger ved brug af Strepsils. Ved længerevarende anvendelse er der risiko for huller i tænderne - dette gælder kun de sukkerholdige sugetabletter. Læs mere om bivirkninger i indlægssedlen nedenfor.\n\n""},{""type"":""text"",""value"":""Forholdsregler"",""bold"":true},{""type"":""text"",""value"":""\nDe sukkerholdige sugetabletter bør ikke anvendes, hvis man lider af glucose-galactosemalabsorption (manglende evne til at optage sukkerstofferne glucose og galactose fra tarmen).\n\nIndhold: 24 sugetabletter.\n\n""},{""type"":""text"",""value"":""Læs mere på indlægssedlen"",""bold"":true},{""type"":""text"",""value"":""\nVi opfordrer til, at du læser indlægssedlen, som følger med produktet. ""},{""type"":""link"",""url"":""https://www.indlaegssedler.dk/resource/Pdf/Indlaegsseddel/bad08782-7b2f-4f39-8e26-efbbc9a68e4a"",""title"":""indlaegssedler.dk"",""target"":null,""children"":[{""type"":""text"",""value"":""Indlægssedlen kan læses her.""}]},{""type"":""text"",""value"":""\n\n""},{""type"":""text"",""value"":""Ingen fortrydelsesret på lægemidler"",""bold"":true},{""type"":""text"",""value"":""\nNår du handler på Internettet, har du 14 dages fortrydelsesret. De 14 dage løber fra det tidspunkt du har fået varen i hånden. Dette gælder dog ikke for medicin. Jf. Forbrugeraftaleloven § 18, stk. 2., nr. 4 og 5 er der ikke fortrydelsesret ved køb af lægemidler. Dvs. at recept- og håndkøbsmedicin ikke kan returneres.""}]},{""type"":""paragraph"",""children"":[{""type"":""text"",""value"":""""},{""url"":""https://laegemiddelstyrelsen.dk/da/apoteker/koeb-og-salg-af-medicin-paa-internettet/detailforhandlere-der-lovligt-saelger-medicin-paa-nettet/"",""type"":""link"",""children"":[{""type"":""text"",""value"":""Klik her for at se, om dette websted drives på lovlig vis. ""}]},{""type"":""text"",""value"":""""}]}]}"
Siff Dry Skin;Wellvita;Kosttilskud;60;60;kapsler;2;"{""type"":""root"",""children"":[{""type"":""paragraph"",""children"":[{""type"":""text"",""value"":""Vitamin A bidrager til at vedligeholde normale slimhinder. Indeholder også hørfrøolie, der har et højt indhold af alfalinolensyre (ALA) - en flerumættet omega-3-fedtsyre.""}]}]}"
Hydrolet;Wellvita;Kosttilskud;90;30;tabletter;1;"{""type"":""root"",""children"":[{""type"":""paragraph"",""children"":[{""type"":""text"",""value"":""Agerpadderokke støtter nyrernes evne til at udskille væske og dermed affaldsstoffer. Glat burre og hibiscus fremmer udskillelsen af væske via nyrerne og hibiscus medvirker til urinvejenes normale funktion. Hibiscus bidrager derudover til kredsløbet i de små blodkar og kan hjælpe til at mindske følelsen af tunge ben. Kalium bidrager til at vedligeholde et normalt blodtryk. Mælkebøtte hjælper til at bevare en normal vandladning. Majssilke bidrager til at støtte udskillelsen fra urinvejene. Hibiscus hjælper med at styrke kroppen, fremmer den mentale og fysiske kapacitet og kan hjælpe med at få mere energi.""}]}]}"
Berryflow;Wellvita;Kosttilskud;120;60;tabletter;2;"{""type"":""root"",""children"":[{""type"":""paragraph"",""children"":[{""type"":""text"",""value"":""Hibiscus medvirker til urinvejenes normale funktion og kan bruges til at forbedre nyrens udskillelse af væske. Hibiscus kan hjælpe med at styrke kroppen. Vitamin C bidrager til immunsystemets normale funktion. Indeholder også ekstrakt af tranebær.\n""}]}]}"
Energo Plus;Wellvita;Kosttilskud;120;60;tabletter;2;"{""type"":""root"",""children"":[{""type"":""paragraph"",""children"":[{""type"":""text"",""value"":""Energo Plus er baseret på schisandra, som medvirker til mentalt og fysisk velvære samt stresshåndtering, og russisk rod der bidrager til optimal mental og kognitiv funktion. Indeholder maté, der virker opkvikkende ved træthed og stress, og vitamin B12 i Energo plus bidrager til at mindske træthed og udmattelse.""}]}]}"
Magnesium Citrat;Wellvita;Kosttilskud;120;60;kapsler;2;"{""type"":""root"",""children"":[{""type"":""paragraph"",""children"":[{""type"":""text"",""value"":""Magnesium er et vigtigt mineral, der understøtter flere funktioner i kroppen. Det hjælper med at mindske træthed og udmattelse, bidrager til en normal muskelfunktion og understøtter et normalt energistofskifte. Derudover spiller magnesium en rolle i at opretholde elektrolytbalancen, hvilket er vigtigt for kroppens væskeregulering.  Et ideelt supplement til en sund og aktiv livsstil.""}]}]}"
Kalk;Wellvita;Kosttilskud;120;60;tabletter;2;"{""type"":""root"",""children"":[{""type"":""paragraph"",""children"":[{""type"":""text"",""value"":""Et dagligt tilskud med calcium, magnesium og D3-vitamin, der bidrager til en stærk krop. Calcium er nødvendigt for vedligeholdelse af normale knogler og tænder samt en sund muskelfunktion. Magnesium støtter nervesystemets normale funktion, og D3-vitamin hjælper med optagelsen af calcium. Perfekt til dig, der ønsker at passe på knogler, muskler og nervesystem i hverdagen.""}]}]}"
C Vitamin;Wellvita;Vitaminer;60;60;tabletter;2;"{""type"":""root"",""children"":[{""type"":""paragraph"",""children"":[{""type"":""text"",""value"":""C Vitamin er et essentielt vitamin, der bidrager til en lang række vigtige funktioner i kroppen. Det understøtter immunsystemets normale funktion og spiller en central rolle i dannelsen af kollagen, som er vigtig for hud, knogler, blodkar, tænder og brusk. Derudover hjælper det med at beskytte cellerne mod oxidativt stress, fremmer optagelsen af jern og bidrager til at mindske træthed og udmattelse. C vitamin understøtter også nervesystemet, energistofskiftet og en normal psykologisk funktion. ""}]},{""type"":""paragraph"",""children"":[{""type"":""text"",""value"":""Med et dagligt tilskud sikrer du, at din krop får den nødvendige støtte til at fungere optimalt.""}]}]}"
Ingefær;Wellvita;Kosttilskud;180;60;tabletter;2;"{""type"":""root"",""children"":[{""type"":""paragraph"",""children"":[{""type"":""text"",""value"":""Ingefær er kendt for sine naturlige egenskaber og understøtter en normal fordøjelsesfunktion. Derudover hjælper ingefær med at bevare leddenes bevægelighed og kan afhjælpe stivhed i kroppens led. Vores kosttilskud indeholder ekstrakt af ingefærrodstok, der har været anvendt i århundreder for sine gavnlige virkninger. ""}]}]}"
Mega B Complex;Wellvita;Vitaminer;60;60;kapsler;2;"{""type"":""root"",""children"":[{""type"":""paragraph"",""children"":[{""type"":""text"",""value"":""Mega B-kompleks er et kosttilskud, der indeholder alle de vigtige B-vitaminer. Disse vitaminer spiller en afgørende rolle i mange af kroppens funktioner og kan hjælpe dig med at opretholde et godt helbred.""}]},{""type"":""paragraph"",""children"":[{""type"":""text"",""value"":""Fordele ved Mega B-kompleks:""}]},{""type"":""paragraph"",""children"":[{""type"":""text"",""value"":""Energiomsætning: "",""bold"":true},{""type"":""text"",""value"":""Vitamin B1, B2, B3, B5, B6, B7, B9 og B12 samt vitamin C bidrager til et normalt energistofskifte, hvilket hjælper din krop med at omdanne mad til energi.""}]},{""type"":""paragraph"",""children"":[{""type"":""text"",""value"":""Nervesystemets funktion:"",""bold"":true},{""type"":""text"",""value"":"" Vitamin B1, B2 og B3 bidrager til nervesystemets normale funktion, hvilket er vigtigt for en velfungerende hjerne og krop.""}]},{""type"":""paragraph"",""children"":[{""type"":""text"",""value"":""Træthed og udmattelse:"",""bold"":true},{""type"":""text"",""value"":"" Vitamin B12 og vitamin C bidrager til at mindske træthed og udmattelse, så du kan føle dig mere energisk i hverdagen.""}]},{""type"":""paragraph"",""children"":[{""type"":""text"",""value"":""Mental ydeevne:"",""bold"":true},{""type"":""text"",""value"":"" Vitamin B5 bidrager til en normal mental ydeevne, hvilket kan hjælpe dig med at holde fokus og koncentrere dig.""}]},{""type"":""paragraph"",""children"":[{""type"":""text"",""value"":""Psykologisk funktion: "",""bold"":true},{""type"":""text"",""value"":""Vitamin B1, B3, B6, B7, B9 og B12 bidrager til en normal psykologisk funktion, hvilket er vigtigt for dit humør og velvære.""}]},{""type"":""paragraph"",""children"":[{""type"":""text"",""value"":""Immunsystemets funktion: "",""bold"":true},{""type"":""text"",""value"":""Vitamin B6, B9 og B12 samt C vitamin bidrager til immunsystemets normale funktion, hvilket hjælper din krop med at bekæmpe infektioner.""}]},{""type"":""paragraph"",""children"":[{""type"":""text"",""value"":""Hormonregulering: "",""bold"":true},{""type"":""text"",""value"":""Vitamin B6 bidrager til at regulere hormonaktiviteten.""}]},{""type"":""paragraph"",""children"":[{""type"":""text"",""value"":""Hud, slimhinder og hår: "",""bold"":true},{""type"":""text"",""value"":""Vitamin B2, B3 og B7 bidrager til at vedligeholde en normal hud og normale slimhinder, mens vitamin B7 bidrager til at vedligeholde et normalt hår.""}]},{""type"":""paragraph"",""children"":[{""type"":""text"",""value"":""Hjertefunktion: "",""bold"":true},{""type"":""text"",""value"":""Vitamin B1 bidrager til en normal hjertefunktion.""}]},{""type"":""paragraph"",""children"":[{""type"":""text"",""value"":""Syn: "",""bold"":true},{""type"":""text"",""value"":""Vitamin B2 bidrager til at vedligeholde et normalt syn.""}]},{""type"":""paragraph"",""children"":[{""type"":""text"",""value"":""Kollagendannelse: "",""bold"":true},{""type"":""text"",""value"":""C-vitamin bidrager til normal dannelse af kollagen, der har betydning for normalt fungerende blodkar, knogler, brusk, tandkød, hud og1 tænder. ""}]}]}"
Silica;Wellvita;Kosttilskud;180;60;tabletter;2;"{""type"":""root"",""children"":[{""type"":""paragraph"",""children"":[{""type"":""text"",""value"":""Silica + Zink er udviklet til dig, der ønsker at styrke hår, hud og negle. Agerpadderokke indeholder naturligt silicium og kan fremme hårvækst, mens zink og C-vitamin bidrager til at vedligeholde en normal hud. Derudover understøtter zink sunde og stærke negle. Indeholder også buletang og tørgær, som tilfører næring til kroppen. ""}]}]}"
Mælkesyrebakterier;Wellvita;Kosttilskud;60;60;kapsler;2;"{""type"":""root"",""children"":[{""type"":""paragraph"",""children"":[{""type"":""text"",""value"":""Mælkesyrebakterier er små, levende organismer, der findes naturligt i bakteriefloraen i vores tarme. De er en type probiotika, hvilket betyder, at de er gavnlige for vores helbred, når vi indtager dem i tilstrækkelige mængder.""}]},{""type"":""paragraph"",""children"":[{""type"":""text"",""value"":""1 kapsel Wellvita Mælkesyrebakterier indeholder 2 milliarder levende mælkesyrebakterier. ""}]}]}"
D3 Vitamin;Wellvita;Vitaminer;60;60;kapsler;2;"{""type"":""root"",""children"":[{""type"":""paragraph"",""children"":[{""type"":""text"",""value"":""Vitamin D bidrager til at vedligeholde normale knogler, tænder og til immunforsvarets normale funktion.""}]},{""type"":""paragraph"",""children"":[{""type"":""text"",""value"":""Når huden udsættes for sollys, dannes der vitamin D. I Danmark er solen dog ikke stærk nok til at danne tilstrækkeligt vitamin D i vinterhalvåret. Derfor anbefaler myndighederne, at visse grupper, tager et dagligt tilskud af D-vitamin.""}]},{""type"":""paragraph"",""children"":[{""type"":""text"",""value"":""Vitamin D er vigtigt for mange processer i kroppen. Det hjælper med at optage kalk, som er nødvendigt for stærke knogler og tænder. Derudover spiller D-vitamin en rolle i immunforsvaret, muskelfunktionen og celledelingen. Det er derfor vigtigt at få tilstrækkeligt D-vitamin for at opretholde et godt helbred.""}]}]}"
Fiskeolie;Wellvita;Fiskeolie;120;60;kapsler;2;"{""type"":""root"",""children"":[{""type"":""heading"",""level"":3,""children"":[{""type"":""text"",""value"":""Naturlig fiskeolie med omega-3 til hjerte og hjerne""}]},{""type"":""paragraph"",""children"":[{""type"":""text"",""value"":""Wellvita Fiskeolie er et kosttilskud med omega-3-fedtsyrerne EPA og DHA fra 100% naturlig fiskeolie. Vores omega 3 kapsler giver dig alle olier fra fisken uden unødvendige tilsætningsstoffer.""}]},{""type"":""heading"",""level"":3,""children"":[{""type"":""text"",""value"":""Hvad er omega-3 fiskeolie?""}]},{""type"":""paragraph"",""children"":[{""type"":""text"",""value"":""Omega-3 er essentielle fedtsyrer, som kroppen ikke selv kan producere. EPA DHA kosttilskud er derfor en praktisk måde at sikre dit daglige indtag på. Vores fiskeolie kosttilskud indeholder både EPA og DHA i optimal balance.""}]},{""type"":""heading"",""level"":3,""children"":[{""type"":""text"",""value"":""Fiskeolie til hjerte og hjerne""}]},{""type"":""paragraph"",""children"":[{""type"":""text"",""value"":""DHA medvirker til at vedligeholde en normal hjernefunktion samt et normalt syn. Den gavnlige effekt opnås ved et dagligt indtag på 250 mg DHA. EPA og DHA bidrager desuden til en normal hjertefunktion, hvor den gavnlige effekt opnås ved et dagligt indtag på 250 mg EPA og DHA.""}]},{""type"":""heading"",""level"":3,""children"":[{""type"":""text"",""value"":""Billig fiskeolie uden kompromis på kvalitet""}]},{""type"":""paragraph"",""children"":[{""type"":""text"",""value"":""Hos Wellvita får du naturlig fiskeolie til en konkurrencedygtig fiskeolie pris. Vi har leveret kvalitetskosttilskud siden 1983, så du kan stole på vores produkter.""}]},{""type"":""paragraph"",""children"":[{""type"":""text"",""value"":""Fordele ved Wellvita Fiskeolie:"",""bold"":true}]},{""type"":""list"",""listType"":""unordered"",""children"":[{""type"":""list-item"",""children"":[{""type"":""text"",""value"":""100% naturlig fiskeolie""}]},{""type"":""list-item"",""children"":[{""type"":""text"",""value"":""Indeholder EPA og DHA omega-3""}]},{""type"":""list-item"",""children"":[{""type"":""text"",""value"":""Nem dosering i kapsler""}]},{""type"":""list-item"",""children"":[{""type"":""text"",""value"":""Kvalitet siden 1983""}]},{""type"":""list-item"",""children"":[{""type"":""text"",""value"":""God fiskeolie pris""}]}]}]}"
Multivitamin 50+;Wellvita;Vitaminer;120;60;kapsler;2;"{""type"":""root"",""children"":[{""type"":""paragraph"",""children"":[{""type"":""text"",""value"":""Vitaminer og mineraler spiller en afgørende rolle i kroppen. Det vedrører mekanismer i alt fra led, knogler og muskler til hjerte, blodårer, mave, tarm, hud, hår og øjne. Multivitamin 50+ er specielt udviklet til at understøtte kroppen hos voksne over 50 år og indeholder 12 vitaminer og 10 mineraler, der bidrager til en sund og aktiv livsstil.Med vigtige vitaminer som A, C, D, E og B12 støtter det immunforsvaret, energistofskiftet og knoglesundheden. Mineraler som magnesium, zink og jern bidrager til muskler, hud og kognitive funktioner. Et ideelt supplement til at sikre, at kroppen har, hvad den har brug for – som en del af en varieret kost.""}]},{""type"":""paragraph"",""children"":[{""type"":""text"",""value"":""Vitamin D er vigtigt for mange processer i kroppen. Det hjælper med at optage kalk, som er nødvendigt for stærke knogler og tænder. Derudover spiller D-vitamin en rolle i immunforsvaret, muskelfunktionen og celledelingen. Det er derfor vigtigt at få tilstrækkeligt D-vitamin for at opretholde et godt helbred.""}]}]}"
Glucomannan;Wellvita;Kosttilskud;180;30;tabletter;1;"{""type"":""root"",""children"":[{""type"":""paragraph"",""children"":[{""type"":""text"",""value"":""Glucomannan er et naturligt kostfiber udvundet af konjakroden (Amorphophallus konjac), en plante der har været brugt i asiatisk madlavning i århundreder. Det særlige ved glucomannan er, at det er det ""},{""type"":""text"",""value"":""eneste kosttilskud, der har fået EU's godkendelse for dokumenteret vægttabseffekt"",""bold"":true},{""type"":""text"",""value"":"".""}]},{""type"":""heading"",""level"":4,""children"":[{""type"":""text"",""value"":""Sådan virker glucomannan""}]},{""type"":""paragraph"",""children"":[{""type"":""text"",""value"":""Glucomannan er et vandopløseligt fiber med en unik evne til at absorbere vand – op til 50 gange sin egen vægt. Når du tager glucomannan-tabletter med vand før et måltid, sker følgende:""}]},{""type"":""list"",""listType"":""ordered"",""children"":[{""type"":""list-item"",""children"":[{""type"":""text"",""value"":""Gelédannelse:"",""bold"":true},{""type"":""text"",""value"":"" Fibrene absorberer væsken og danner en gel-lignende masse i maven""}]},{""type"":""list-item"",""children"":[{""type"":""text"",""value"":""Mæthedsfølelse:"",""bold"":true},{""type"":""text"",""value"":"" Massen fylder i maven og sender mæthedssignaler til hjernen""}]},{""type"":""list-item"",""children"":[{""type"":""text"",""value"":""Reduceret appetit:"",""bold"":true},{""type"":""text"",""value"":"" Du føler dig hurtigere mæt og spiser naturligt mindre""}]},{""type"":""list-item"",""children"":[{""type"":""text"",""value"":""Langsommere fordøjelse:"",""bold"":true},{""type"":""text"",""value"":"" Maden forbliver længere i maven, hvilket giver vedvarende mæthed""}]}]},{""type"":""heading"",""level"":4,""children"":[{""type"":""text"",""value"":""Dokumenteret effekt""}]},{""type"":""paragraph"",""children"":[{""type"":""text"",""value"":""European Food Safety Authority (EFSA) har efter grundig gennemgang af den videnskabelige dokumentation konkluderet, at:""}]},{""type"":""list"",""listType"":""unordered"",""children"":[{""type"":""list-item"",""children"":[{""type"":""text"",""value"":""Glucomannan bidrager til vægttab"",""bold"":true},{""type"":""text"",""value"":"" i forbindelse med en energireduceret kost (ved 3 g dagligt)""}]},{""type"":""list-item"",""children"":[{""type"":""text"",""value"":""Glucomannan bidrager til at vedligeholde et normalt kolesterolniveau"",""bold"":true},{""type"":""text"",""value"":"" i blodet (ved 4 g dagligt)""}]},{""type"":""list-item"",""children"":[{""type"":""text"",""value"":""Chrom bidrager til at vedligeholde et normalt blodsukkerniveau"",""bold"":true}]}]},{""type"":""heading"",""level"":4,""children"":[{""type"":""text"",""value"":""Hvem kan have gavn af glucomannan?""}]},{""type"":""list"",""listType"":""unordered"",""children"":[{""type"":""list-item"",""children"":[{""type"":""text"",""value"":""Overvægtige voksne, der ønsker hjælp til at reducere kalorieindtaget""}]},{""type"":""list-item"",""children"":[{""type"":""text"",""value"":""Personer, der har svært ved at kontrollere portionsstørrelser""}]},{""type"":""list-item"",""children"":[{""type"":""text"",""value"":""Dem, der oplever hyppig sultfølelse mellem måltiderne""}]},{""type"":""list-item"",""children"":[{""type"":""text"",""value"":""Folk, der følger en energireduceret kost og ønsker støtte til mæthed""}]}]},{""type"":""heading"",""level"":4,""children"":[{""type"":""text"",""value"":""Vigtigt at huske""}]},{""type"":""paragraph"",""children"":[{""type"":""text"",""value"":""Glucomannan er et supplement – ikke en mirakelkur. For at opnå de bedste resultater bør du:""}]},{""type"":""list"",""listType"":""unordered"",""children"":[{""type"":""list-item"",""children"":[{""type"":""text"",""value"":""Følge en energireduceret kost""}]},{""type"":""list-item"",""children"":[{""type"":""text"",""value"":""Drikke rigeligt med vand (1-2 glas) sammen med kapslerne""}]},{""type"":""list-item"",""children"":[{""type"":""text"",""value"":""Tage kapslerne 30 minutter før måltiderne""}]},{""type"":""list-item"",""children"":[{""type"":""text"",""value"":""Kombinere med regelmæssig motion for optimale resultater""}]}]}]}"
Strezza;Wellvita;Kosttilskud;60;30;tabletter;1;"{""type"":""root"",""children"":[{""type"":""paragraph"",""children"":[{""type"":""text"",""value"":""Strezza er et produkt, der afhjælper stress og giver dig mere overskud. Præparatet er baseret på bl.a. schisandra, der øger kroppens evne til at modstå stress, samt russisk rod, der bidrager til optimal mental og kognitiv aktivitet. Produktet indeholder desuden maté, som er generelt opkvikkende, samt havrestrå, der mindsker rastløshed og irritabilitet og giver en bedre søvn. Ingredienserne giver mere ro, mere overskud og mere energi.""}]}]}"
Cirkulet;Wellvita;Kosttilskud;30;30;kapsler;1;"{""type"":""root"",""children"":[{""type"":""paragraph"",""children"":[{""type"":""text"",""value"":""Ingredienser i Cirkulet fremmer blodgennemstrømningen i de små blodkar. G""},{""type"":""text"",""value"":""inkgo biloba "",""italic"":true},{""type"":""text"",""value"":""er kendt for at forbedre blodgennemstrømningen i hænder, fødder, øjne, ører og hjerne. ""},{""type"":""text"",""value"":""Bacopa monnieri"",""italic"":true},{""type"":""text"",""value"":"" bidrager til at bevare en god koncentration og hukommelse. Begge ingredienser bidrager til et normalt kredsløb. Ginkgo biloba er bl.a. nyttigt for øjne og ører og bidrager til god hørelse og godt syn. Bacopa monnieri bidrager til en god koncentration og hukommelse. Produktet er også tilsat vitamin B12 der bl.a. bidrager til en normal psykologisk funktion samt til at mindske træthed og udmattelse.""}]}]}"
WinterBoost;Wellvita;Kosttilskud;30;30;tabletter;1;"{""type"":""root"",""children"":[{""type"":""paragraph"",""children"":[{""type"":""text"",""value"":""WinterBoost er et tilskud til dig, som ønsker at bevare dit humør, din energi og et velfungerende immunforsvar gennem vintermånederne og som samtidig vil være sikker på, at du får tilstrækkeligt med D-vitamin. Både fødevarestyrelsen og Sundhedsstyrelsen i Danmark anbefaler et tilskud af D-vitamin gennem vintermånederne, hvor kroppen ikke kan danne vitaminet selv. Man siger som tommelfingerregel, at når solen kaster lange skygger, er der ikke tilstrækkelig med UVB-stråler til, at kroppen effektivt kan danne D-vitamin. D-vitamin spiller en vigtig rolle i at hjælpe dit immunsystem med at fungere ordentligt, hvilket gør det lettere for din krop at bekæmpe hverdagsbakterier. D-vitamin er også vigtigt for at opretholde stærke knogler og muskler, fordi det hjælper kroppen med at optage kalk. D-vitaminmangel kan føre til træthed, humørsvingninger og skrantende immunforsvar. Med WinterBoost får du:""}]},{""type"":""list"",""listType"":""unordered"",""children"":[{""type"":""list-item"",""children"":[{""type"":""text"",""value"":""50 µg daglig D-vitamin""}]},{""type"":""list-item"",""children"":[{""type"":""text"",""value"":""Russisk rod giver energi og hjælper med at genvinde et godt humør ""}]},{""type"":""list-item"",""children"":[{""type"":""text"",""value"":""Andrographis hjælper med at vedligeholde et sundt immunforsvar""}]},{""type"":""list-item"",""children"":[{""type"":""text"",""value"":""Citronmelisse hjælper med at bevare et positivt humør og giver psykisk velvære.""}]}]}]}"